customer_id,tenure_months,monthly_charges,total_charges,churn
1001,52,104.84812915116001,2016.4491645685218,0
1002,15,102.17308577953412,4003.35377896531,0
1003,61,56.70427060993776,1032.1176386250609,0
1004,21,85.14893933991785,2782.0984722718968,0
1005,24,36.5233510186612,3669.360410707929,1
1006,3,45.780511677406395,3085.6874695469924,0
1007,22,109.11526094471758,952.3033020578495,0
1008,53,16.365201968627282,1786.592074898411,0
1009,2,23.978395739719147,3922.202045659705,0
1010,30,36.828056790332866,2777.8191729481027,0
1011,38,17.78588140675107,41.06962351141999,0
1012,2,34.05072068442872,3808.538938740048,0
1013,64,76.21936390181767,191.02710437709177,0
1014,60,59.24957781221229,3732.4829069151924,0
1015,21,108.73052966308236,1024.3655924237084,0
1016,33,100.8315739825363,4790.99629839511,1
1017,58,50.89082192827698,1849.184645240891,0
1018,22,42.23946051028571,1644.7541074453243,0
1019,49,54.867702857563025,757.2069309072367,0
1020,59,76.98096896405481,1538.4370142187213,0
1021,42,43.14668228640201,4385.10404771358,0
1022,60,80.53563532415907,4981.7266730718275,0
1023,15,57.988223480080244,1851.023009576639,1
1024,62,72.96495398945792,2251.323995308395,0
1025,62,60.79328555920825,3614.523626940644,0
1026,47,45.91890475190135,4432.685965618397,0
1027,62,114.58759723102645,2971.326005921119,1
1028,51,95.17860838677488,1966.7556054164793,0
1029,55,29.71188345547752,2071.9198766303894,0
1030,64,106.18913746928085,3482.6564602865824,0
1031,3,66.18027581619893,31.043044067329227,0
1032,51,108.9279838238796,3103.6528472373057,1
1033,7,98.9848018744681,1787.1326570501667,0
1034,21,59.64741796926951,3974.073696416265,0
1035,39,17.359277373612326,478.5583395183138,1
1036,18,43.21112273541934,2947.188300737727,1
1037,4,71.87159253939103,2412.649856082327,1
1038,60,81.51521308174546,3216.9927466375584,0
1039,14,42.078206970486235,338.2951684975972,0
1040,9,29.632387777646535,2906.2191803292344,0
1041,53,102.66767486392641,2814.0006709782256,0
1042,2,118.36222897387297,2809.890570664612,0
1043,60,70.19746914178201,3023.3860179833273,0
1044,71,33.02632501407187,3387.1926670734156,0
1045,44,43.59226928453374,4027.8701634086374,0
1046,8,16.931021037484008,1360.0562898391486,0
1047,47,111.0013746888524,4127.871309747609,0
1048,35,27.36386370346482,2498.8045760833165,1
1049,36,75.53422992899662,399.13552148464083,0
1050,50,43.77579817215663,306.8763822812363,0
1051,4,73.18869026415831,1681.178018699863,0
1052,2,83.39914077694574,3927.7114309006656,0
1053,6,102.12288938925617,3542.789459683465,0
1054,54,36.67423353486333,3946.245598891946,0
1055,4,16.15456200914045,2593.5862463614226,0
1056,54,29.372991157224764,2209.3920048081204,0
1057,63,109.50195739405103,750.0508456308255,0
1058,18,106.75845814406411,1651.040876742418,0
1059,44,77.72837572788237,2178.586540376768,1
1060,34,78.05427034553361,456.6731419528919,1
1061,62,84.82885082735683,1114.7505842653882,0
1062,14,33.41398425546221,2997.153090907738,0
1063,48,111.01325432212077,3682.2806244823614,0
1064,15,58.970905113667676,4991.762344293854,1
1065,62,55.22954546619723,4666.569956747635,0
1066,40,69.48635905469794,3218.1875196829296,0
1067,53,19.931426511380778,2114.921545670949,1
1068,24,32.45975371938834,3186.34416307054,0
1069,26,92.49352972476889,3931.4733161299564,1
1070,60,23.69386013213828,604.9059117530858,0
1071,41,78.33097149397076,2058.375875135997,0
1072,29,40.7616565165387,4201.414393893552,0
1073,15,55.876039474407534,1928.4072653862245,1
1074,45,45.31284236092348,2865.783272067525,1
1075,65,52.34563522881966,2945.030263898058,0
1076,71,90.49982004434578,934.6141218711922,0
1077,9,46.19778014043338,1820.7436766366575,0
1078,1,74.4724872311742,1682.5387743785318,1
1079,8,64.98529223090546,145.590592032343,0
1080,63,84.68547236307805,135.5959429984059,0
1081,11,113.36712262909958,4161.009762723731,0
1082,8,91.92007020707628,1376.25798771447,0
1083,35,37.56873975202946,2597.622649700495,0
1084,35,18.27422918143489,1504.1469843400337,0
1085,33,42.53772465148163,4704.286036899973,0
1086,5,77.48318272352677,1307.594342945882,1
1087,41,20.399710415846286,2156.8392115035913,0
1088,28,67.11845595612982,4365.56029866574,0
1089,7,77.66849913627337,4212.038830457166,1
1090,12,50.09560853578088,942.7155679636925,0
1091,34,95.94578139331131,4016.1768993316164,0
1092,33,26.19281657904604,2299.061630388395,0
1093,48,22.88946708225992,2422.5998273454957,1
1094,23,91.45981940137835,680.3976624934797,0
1095,62,67.02658820165084,416.79854607926643,1
1096,37,87.28225162491229,3643.7774452642193,0
1097,44,60.656870553393354,2489.8588444911693,0
1098,35,40.87221349010622,2192.7007525366703,0
1099,65,101.00574335579097,3651.598519832198,1
1100,47,98.93866729174282,3831.081801470682,0
1101,3,87.94312943971481,807.1572158317275,1
1102,1,43.57523940914608,3056.9723701460416,0
1103,5,76.97422002125415,689.7401001542623,0
1104,14,52.90225917870281,3760.604803854793,0
1105,27,24.616117699296588,3289.9214539916907,1
1106,9,111.3179254235355,4783.723886101038,0
1107,15,29.365956246490946,358.7557115367596,0
1108,42,114.77492215118426,299.4177849390028,0
1109,51,61.830606160585354,1421.7025673456028,1
1110,63,34.43895752805506,1319.6028334234913,0
1111,52,71.89959947472761,1246.189313373919,0
1112,4,106.65931276702287,4532.6790838973675,0
1113,23,91.88361307300393,1258.9878062497878,0
1114,15,99.68892052545222,1370.6693847512256,0
1115,43,84.17225350462532,3800.6003381535493,1
1116,29,87.68903927437451,2256.953114615942,1
1117,36,104.16554341435852,3886.9021264215785,0
1118,13,41.215140930214524,340.85029545846044,0
1119,32,66.38962118252975,2445.5424004618208,0
1120,71,38.226991391058235,182.56379691366394,0
1121,59,118.70514083964794,327.3262192249423,0
1122,28,114.12623066709439,4533.590704921889,0
1123,66,19.139815193693117,709.1381750212119,0
1124,42,89.0853931141473,2669.1171011419574,0
1125,45,112.15107332864491,2064.311578964522,0
1126,62,33.96041123837002,1746.5064814003308,0
1127,57,74.63424920802609,4500.669228251053,0
1128,6,111.1262712467444,123.78963292581516,0
1129,28,18.564327751508877,3323.9915855853114,0
1130,28,88.22912806091819,4817.521254554549,0
1131,44,46.22164577411783,2807.438394557282,0
1132,30,112.0616005145357,4685.059973234963,0
1133,62,116.96111574236362,275.5055282408285,0
1134,62,114.14798135691056,2102.6846955846945,0
1135,1,64.7924927490337,1311.886587945825,0
1136,27,105.5144783538779,3658.142510428938,1
1137,62,103.6776868461824,4906.7659961287745,0
1138,3,48.50554969054184,1293.8023612845752,0
1139,70,102.03612478582112,3276.0603883482613,0
1140,27,18.885801645126726,1002.5166993073045,0
1141,9,77.60833724061557,2833.1713190394753,0
1142,62,39.150927915208825,2327.703446141356,0
1143,37,27.659523006614275,4860.446568213212,0
1144,51,23.08008617106696,3048.5084543918856,0
1145,44,88.11032146720467,1757.2892648527916,0
1146,24,50.686871195646944,583.7674876663478,0
1147,59,91.10051101051995,768.9654412436488,1
1148,32,21.86241578388895,1138.204895806907,0
1149,52,48.105485472214085,1266.0688067813855,0
1150,62,71.64658569941041,4255.321048338072,0
1151,58,98.02593230809117,2812.695599588387,1
1152,52,48.469012807867344,2624.1036932012166,0
1153,12,80.71859452588596,587.122826268049,0
1154,39,108.02766356479965,4302.7963713469335,0
1155,2,79.66563475914198,3618.2293014942916,0
1156,3,39.460744849131544,352.3267840715079,0
1157,56,17.562082063436492,3543.5579596903967,0
1158,59,106.36038175959764,2724.5380134530906,0
1159,2,17.23328813929065,422.4008485476896,0
1160,2,106.84367563184094,2299.6286980203527,0
1161,54,70.53839907285726,2431.210991343284,0
1162,1,113.6021083438541,841.3860827139296,0
1163,19,98.87223975623486,4729.305262796407,0
1164,2,119.78308160600044,4252.1272268310995,0
1165,53,51.824740622429566,3350.076351585605,1
1166,44,95.55477033776832,2319.5433715880267,0
1167,32,57.20274592897043,2067.651224798775,0
1168,70,65.38694013191042,3260.1027337475066,0
1169,32,80.88807363792885,2733.9778689934237,1
1170,68,106.73609698956557,325.4314328211998,0
1171,55,118.32876426592598,2569.8257041201036,0
1172,56,95.66870845577441,4034.922031905705,0
1173,17,58.86551212757004,2304.310789820836,0
1174,38,59.24248523909237,274.00353910802806,0
1175,24,92.44614166683361,3934.5968239294048,0
1176,69,40.071600305671744,1018.7984539478323,0
1177,70,26.59978187879644,1304.2248619168734,1
1178,11,52.235326552281535,836.061171859995,0
1179,16,45.16009412367858,1661.1220983844153,0
1180,59,46.112352647878964,3787.4062558578457,0
1181,70,39.52881386024055,2604.138509627128,0
1182,3,19.419784911818,1036.333151641302,0
1183,20,16.87676314700845,4390.982939587923,0
1184,59,118.71085092228331,4399.715546933373,0
1185,36,59.91617904226555,4354.833448854344,1
1186,19,55.354297951766576,1205.3991137369733,1
1187,67,86.36296468277233,2264.4281307422257,0
1188,19,37.91665822583174,4925.1734358622625,0
1189,20,114.74592431477366,3863.482194405302,1
1190,71,97.56622651363297,150.4295948094157,0
1191,52,24.38815524278725,340.0448874335529,1
1192,33,58.84598145741748,2327.697913409479,0
1193,40,107.30742229402729,4547.462726219877,0
1194,39,114.19686234059807,2700.42846279428,0
1195,1,64.07715868123631,2496.5953525509367,0
1196,11,79.4081958671243,540.7863942838035,0
1197,57,32.5385643396679,3289.048822050606,0
1198,50,119.07270574438253,4113.184255592124,0
1199,23,39.32552864526156,1911.3937374251982,0
1200,31,113.9868362841882,3881.4250768627576,0
1201,42,83.21289814419869,4822.916119695546,1
1202,7,78.81236346228022,1030.7757987515301,0
1203,16,68.8322936567334,2623.7982115057853,1
1204,60,39.22033023036467,1446.382721051609,0
1205,2,33.53544336057837,3967.379278883689,0
1206,1,38.15105195236841,2894.30292891757,1
1207,48,34.576017525146725,3178.393351488264,0
1208,12,96.8563697245091,3992.602085685232,0
1209,69,51.76315221250666,1988.9128062223376,0
1210,37,21.07348103915662,4576.72399100911,0
1211,32,116.75577616478519,2672.148903222008,0
1212,9,107.7975179211597,802.4047918342098,1
1213,19,112.41398973549737,3484.0571040714804,0
1214,48,119.46532137787571,3969.407831934698,0
1215,3,33.25900116804617,1594.0569601816205,0
1216,20,56.60541198477917,4288.038596138784,0
1217,24,94.61503994892959,4532.124125007345,0
1218,54,88.08216489564819,1395.3688695783776,0
1219,33,31.15907016568478,4917.854541485382,0
1220,24,100.66247812401487,716.4469673230607,0
1221,36,38.566260042849365,1022.0481069864124,0
1222,38,38.50084955637543,933.3608236015602,0
1223,25,71.38231440380842,4471.538704389234,0
1224,18,77.25869315837883,3276.648373339935,0
1225,66,75.90905182297017,773.2398518630303,1
1226,54,24.606117926764263,2210.0122405662196,0
1227,35,107.13339057618994,3082.260654972963,0
1228,61,42.88800447181414,431.0684636720757,0
1229,41,28.59906673469444,4413.845596510583,0
1230,33,108.31854838624261,4020.9636241760527,0
1231,68,115.34340731412411,2533.4557662795414,0
1232,33,105.52339981287231,4836.126177066964,0
1233,14,99.99918784611219,2097.538481686372,0
1234,21,83.80040796709729,4920.789940396941,0
1235,48,72.84002391395963,3344.581194036081,0
1236,20,24.133609790698067,3178.836297170898,0
1237,8,57.88758737242336,842.2851530494883,0
1238,7,54.13229428629297,4411.40987514865,1
1239,67,42.27414729483425,2146.0360942842667,1
1240,17,90.95911193730142,823.7335278256596,1
1241,33,67.06695218327093,77.84848707915882,1
1242,48,23.509852670303033,2805.382082937337,1
1243,59,38.119236204730186,2644.0871162815415,0
1244,22,86.74217018425757,3600.9778075102554,0
1245,30,22.99374024648152,4452.936394293743,0
1246,38,104.3767259751207,410.84182444550214,0
1247,51,66.99038533646731,3661.5100043467064,0
1248,54,65.46159061929805,949.2485413264474,0
1249,8,77.20281738924935,4293.012609988463,0
1250,27,101.59150142214067,4098.031616600356,0
1251,27,51.51996682973027,2710.856868602939,1
1252,21,86.19169601870168,3555.560351137208,0
1253,30,74.40185621955806,1582.0353142209858,0
1254,28,43.03796836778924,2363.771976180081,0
1255,64,107.25614856729159,4110.859935086701,0
1256,69,98.72973226872745,2304.4370079084715,1
1257,61,84.13744263913468,1798.6243526473272,0
1258,48,104.3110815548954,2478.649049542745,0
1259,19,106.06589110077925,4143.822523399534,0
1260,4,89.37811255507866,1686.0121161438005,0
1261,35,102.88639947818557,881.2015417816829,0
1262,64,88.23450347527478,3564.389891348942,0
1263,49,86.41478103483155,4132.5013903497875,0
1264,17,79.95419471259436,516.6778304398136,0
1265,44,94.03524715355233,1210.7724520883844,0
1266,30,31.65353605577274,722.7303689585545,1
1267,46,107.49142971588749,1749.4879367371007,0
1268,6,106.54357041324936,2259.999629843482,1
1269,37,18.07096471862871,3747.899289762083,0
1270,24,101.71075880930007,3260.9707106351457,0
1271,46,28.531336084711747,3110.3289088799793,0
1272,53,50.1874796972099,1771.5891088491271,0
1273,60,93.06836691061882,4209.616052127528,0
1274,63,31.87978908507236,2364.36652947985,0
1275,32,100.88653753250153,4895.838116005545,0
1276,33,102.3740886855629,3176.198559404248,1
1277,67,68.28411204488779,644.4297366990461,0
1278,18,15.670516530267525,3385.7451469460384,0
1279,25,45.13900398336584,1635.6435169270194,0
1280,54,79.77732642945293,3436.3410754801957,0
1281,58,118.02454869287946,362.16112358959265,0
1282,67,81.34042033675019,886.7839643221575,0
1283,46,42.27937601173678,4280.850235645345,0
1284,24,81.57059882545919,1147.4900917622217,0
1285,32,71.69846487016483,4187.650009336056,0
1286,47,96.88376649087007,1407.191300945236,0
1287,23,26.232967076830633,3219.7663216426577,1
1288,66,94.90792976271294,3475.3406089465075,1
1289,27,71.83299076099158,2570.5839444280887,0
1290,2,116.11416040519444,1536.9737233332055,0
1291,17,50.89657743406204,1075.0322162099142,0
1292,33,81.42529877906455,180.4489324936947,0
1293,9,112.86295107855183,1530.172810185008,0
1294,43,25.76352143902132,3271.016510798446,0
1295,48,113.40899115982737,4692.449519965686,0
1296,39,87.2280008415854,4357.954344081314,0
1297,42,22.12289120604305,3833.8329110284835,0
1298,26,46.60117452941571,3945.410006117694,1
1299,50,89.35806930775456,3329.9497438278363,0
1300,25,22.07181315422103,1312.529984966525,0
1301,24,76.1278983185087,4537.367228068561,1
1302,13,51.31772098006046,3358.6005748505827,1
1303,60,80.1961293655851,2808.796545437493,0
1304,7,19.80291355031385,568.2825040292031,0
1305,57,106.5113646459995,2243.5718858750306,0
1306,36,117.21634176362667,2309.8859819416025,1
1307,45,116.73217480499761,4324.84959347051,1
1308,20,93.7134423330071,2740.0413776361256,0
1309,65,28.659055213716357,1911.2967366174921,0
1310,8,94.61763557254737,4884.349637625637,0
1311,16,17.58162622817416,566.9421577316837,0
1312,14,17.322972910544713,2121.403915135044,0
1313,15,48.97907301070183,224.49300572945538,1
1314,66,66.3075349924899,3703.4220420231477,0
1315,32,95.89277886981829,4591.611612712766,1
1316,63,86.74601454368305,1410.9860878091897,1
1317,51,61.819784169558574,4293.833258843618,0
1318,25,43.73079995957492,1471.7078788525603,0
1319,58,119.69807251655968,4555.189255794918,0
1320,63,59.74903673477716,3773.500089429968,0
1321,62,62.395637554615924,4027.4602825545717,0
1322,22,32.18050122512527,104.76267966826568,0
1323,58,98.45500261874258,4814.60963001402,0
1324,58,87.83663370705631,3637.4548954705615,0
1325,49,38.18080934281984,1534.1842104998746,0
1326,52,23.650009789663486,4149.532404321352,0
1327,42,86.45242671784487,1418.3831740984258,0
1328,70,83.7236774995192,4365.677890237148,0
1329,15,43.69225033481198,576.2132462035061,0
1330,54,114.84067403629308,3522.874597642067,0
1331,60,30.861078636994524,2710.381906074878,0
1332,8,60.395154109473204,496.22433392427246,0
1333,53,114.07967161759788,1220.8407338703123,0
1334,60,59.07136827724284,76.83412084241422,0
1335,5,82.04522450472898,2351.8083078405616,1
1336,68,56.7474117860934,1516.807324888602,0
1337,6,43.79259624661035,2997.8120592243276,0
1338,47,118.31765303578196,1496.7304714274567,0
1339,55,57.980070663079516,1510.0967708623186,0
1340,40,108.88041638630911,3719.818095677043,0
1341,52,39.14523361856405,254.99203735209196,0
1342,16,37.37599392263375,4515.931551032057,0
1343,13,18.269078702873692,4263.53541384004,0
1344,30,83.42501666446793,3344.0063458836366,0
1345,19,53.69526609099492,2972.2095269853107,0
1346,17,105.75761623316188,4463.127953226166,0
1347,63,64.6870402026135,938.8709449506415,1
1348,19,116.66030993104579,408.66127352128063,0
1349,58,34.480179148827716,1208.9581969990475,0
1350,55,106.20543263533914,3975.9727193204485,0
1351,62,96.54266954313289,187.83127963151938,0
1352,23,95.94679368762546,2920.292072891196,0
1353,9,103.7022389522732,4977.25601821368,0
1354,12,94.90751904901488,4280.645027780134,0
1355,1,80.75313377129862,2614.4067598822935,0
1356,58,28.780712156650694,332.2499327939121,0
1357,1,18.415248846581452,4159.396969212764,0
1358,34,111.68902402064712,3000.9078632633946,1
1359,48,79.74828302467749,587.9409903419406,0
1360,1,98.63641555249852,482.8785648444307,0
1361,16,65.55984690881776,4549.489694891413,0
1362,61,27.31735984105142,3350.963310746321,0
1363,64,28.144508181267796,4148.994694594026,0
1364,63,86.984355159042,4396.709817907103,0
1365,69,60.18211896444358,2865.2851749608863,0
1366,22,36.05509630353535,2594.470063498881,0
1367,67,66.61742740785087,2160.6806404501363,0
1368,26,21.74193839288908,1594.9787401387296,0
1369,16,76.10699720101186,2181.4608648806784,1
1370,51,43.24430746568525,3872.7900838148294,0
1371,57,98.74370556690475,3015.588303610431,0
1372,29,47.588005686975244,4464.228600424908,0
1373,69,62.79811565358913,2225.249371680251,0
1374,47,16.220156690350567,3041.3415499129887,0
1375,62,22.606923218428683,3162.068152163564,0
1376,69,56.211823422701904,2964.6103540970325,0
1377,16,65.39357764529797,3517.6293588312988,0
1378,48,78.00215755252688,1198.6058398484092,0
1379,39,45.62457076447684,2569.133431065766,0
1380,33,87.97309804328697,534.5606419996132,0
1381,23,105.31285170486647,1931.7889683093906,0
1382,10,96.88435383380173,2446.020337077003,0
1383,69,19.159976661577502,3266.33793383418,0
1384,34,65.45322946207204,4753.3972971422245,1
1385,52,26.017668733908362,3009.245566743554,1
1386,10,40.41472666556538,3721.8156721401506,1
1387,19,118.59957229305037,2538.7363065835857,0
1388,58,29.962032004658887,3176.0085964110117,0
1389,1,67.38325611239239,368.59709742686056,0
1390,69,79.90635210340251,1283.1420304966073,0
1391,4,88.75882190713091,1818.8376696276164,0
1392,16,73.76311176612597,2370.37937470747,1
1393,24,16.025938979014285,242.55899632938292,1
1394,2,49.27843736561915,713.0201263032886,0
1395,32,69.3597225553947,1394.9193243396594,0
1396,24,24.2259824102075,4858.090464141737,0
1397,12,51.81582777696398,1666.7648304087081,1
1398,50,18.486326423093487,2417.9746746887313,1
1399,35,23.250742201277177,992.5470980008888,0
1400,33,56.676944001167584,3059.738654312705,0
1401,33,28.935154174521337,1414.2058293471318,1
1402,61,74.59178906746361,1046.8580035155576,0
1403,51,87.3938217594129,2590.1145528032057,0
1404,43,99.0616034064537,42.44640881469779,1
1405,12,36.01577564570506,53.20520275638826,0
1406,67,32.585671137202326,1107.058013372761,0
1407,65,25.979623235112026,198.0559920665934,0
1408,33,81.82517620208185,553.5083843414965,0
1409,40,89.17995128112462,1704.2203369536767,1
1410,43,18.316545206692414,4015.889612705367,0
1411,44,113.30228585558743,2866.662487195965,1
1412,29,20.456984783404604,2570.6486138927357,0
1413,13,71.83611520661239,1478.0417836924864,0
1414,12,89.45135454234622,4659.79229137259,0
1415,46,106.45175799333899,1994.1199805674005,0
1416,2,89.97912787390491,449.1574424769209,0
1417,35,99.18144872232814,3091.0765828472395,0
1418,8,50.64227021699464,582.484391480858,0
1419,26,100.55663694338378,1735.937366866435,0
1420,34,23.41205887039089,2544.448514508277,0
1421,7,108.9557488863554,4372.999285555601,0
1422,68,72.49719949614231,2475.3297029954915,0
1423,58,100.81626584606184,3515.7599486678464,0
1424,29,62.49341987442151,4964.191942410365,0
1425,36,82.57565799563513,670.4732626914384,0
1426,21,70.27227939829189,1384.5366547148049,0
1427,36,91.81689978430984,1981.9617368542674,0
1428,10,23.571148113211905,2117.8134700160745,1
1429,24,21.3369688190092,2063.940060198746,0
1430,64,40.94583957106538,4539.440847744426,0
1431,49,31.752191411884777,3574.452732667279,0
1432,36,106.53727449218118,3045.4074922421582,0
1433,24,38.01746867259465,1557.2229985459687,0
1434,23,117.46585186100879,4121.595065343154,0
1435,62,50.374058135966216,4775.97664975267,0
1436,37,34.122381147313426,4108.673438512879,1
1437,12,97.91834324996032,22.802049379492427,0
1438,55,84.164316427592,3187.460830364284,0
1439,13,67.3105502275796,269.9098764888721,0
1440,23,73.31317284845127,1299.1719933636034,0
1441,30,90.5161867185877,311.7306312336419,0
1442,17,38.987747839786365,3024.920332952698,0
1443,62,119.6150611859579,3437.650718760645,0
1444,13,117.35328202541223,585.720875758537,1
1445,59,83.28419706642838,1928.4368319792227,0
1446,19,35.95195734756024,2289.338997143377,1
1447,49,86.42396545528558,1854.7293134781692,0
1448,12,22.580832942813466,618.3096274186873,0
1449,61,18.218512731609636,2103.4547340845647,0
1450,19,42.05670329367744,3759.6225683249645,1
1451,9,63.57541045762821,368.9732076982785,0
1452,71,106.16861306787996,414.6973701982887,0
1453,28,91.35275232546235,1783.5348898023813,0
1454,52,92.984184725998,4709.502672420342,0
1455,16,59.67680011704791,3347.8346439137267,0
1456,69,51.32317421743111,3398.1697340127357,0
1457,12,53.959070113383284,1819.1711543267568,0
1458,25,118.70320419228607,2974.399044174564,0
1459,52,19.21146509831066,65.50395237830074,0
1460,53,106.0383070928571,3185.938791351568,0
1461,23,75.7609179001013,4567.73543366754,0
1462,16,61.054619014907,3068.6787396989234,1
1463,57,91.15205434358933,4370.38748842973,0
1464,39,66.10023884959381,3624.0056814984778,0
1465,53,106.70943999857435,615.9837057723959,0
1466,42,109.57369572118215,4513.729736819921,0
1467,58,59.28069732171282,346.22256411353777,0
1468,39,44.066918709680415,2676.8278506506026,1
1469,14,77.19678450230303,723.5535621103865,0
1470,5,110.79815128975255,73.35745449355676,0
1471,35,37.11952984559499,2118.8407867362803,0
1472,18,80.4114912741657,1485.7779276559688,0
1473,9,81.31382310971466,2437.7124615810512,0
1474,58,91.9768673536045,2892.3414353717358,1
1475,17,28.81460693836228,233.03927546010257,0
1476,7,90.1616212916193,628.171426191872,0
1477,46,110.4484146698923,2799.8323463053703,0
1478,13,33.86672643137541,1725.6892555657012,0
1479,40,39.94204911700715,3649.929835433998,0
1480,42,116.99648487437216,3266.673868230819,0
1481,9,34.002580034496425,4230.337749504685,0
1482,50,104.71043480380581,3467.076740946088,0
1483,27,66.68917492704365,2158.2064207898884,0
1484,66,40.95926281233359,3369.7386126362453,1
1485,5,106.4287396336137,1387.7751536632613,0
1486,29,61.757051775279876,1541.9727914093903,0
1487,37,69.05582216261746,3948.091022205155,0
1488,38,52.719503786975395,2240.401289261887,0
1489,8,77.25983940066737,3994.925997483987,0
1490,65,32.17000662142739,4114.7755327363675,0
1491,17,56.063561348434874,4289.9482532414995,0
1492,71,116.78829384520519,4584.426650668419,0
1493,45,42.10401043361839,2163.4613242587816,0
1494,4,83.95734977683568,1604.5510893308772,0
1495,36,49.144956743592964,2917.2607517716574,1
1496,70,96.21467819709306,1865.2945308365734,0
1497,31,28.74173437542673,3011.3547214991613,0
1498,19,116.83120973324719,3532.3455252794656,0
1499,61,62.64790184528212,3446.699017183302,0
1500,54,39.78529865137872,1882.1461417953049,0
1501,39,22.71715846965133,846.7981054682828,1
1502,19,32.82458003419178,2161.1887522341044,1
1503,39,69.57626459838185,725.831808248315,0
1504,67,50.38533352528506,4452.133720391284,1
1505,45,102.03275341767399,1739.1991417782192,1
1506,13,60.243189984489625,784.9818399082691,1
1507,58,41.11499862170114,141.85708313016812,1
1508,20,79.80022359342315,3234.424595638124,0
1509,61,89.21160777297182,3189.958052511895,0
1510,39,32.53940032959974,1712.911770407739,0
1511,1,32.600017710273356,372.4837659055403,0
1512,3,18.850499828022013,2057.000041052732,1
1513,62,92.32221158189225,1566.419212891017,0
1514,63,84.69947540028953,3390.4463890790216,0
1515,25,64.83624195373045,3034.8095585216615,1
1516,56,103.6378971417657,1832.4997350647368,1
1517,33,99.59536605975558,1101.1943829611257,1
1518,38,76.46220826165897,4940.359291285626,0
1519,6,106.16848445389216,2278.198081662633,0
1520,58,36.613327053860665,3446.0470653644816,0
1521,44,26.751560036761425,715.6565433781285,0
1522,45,43.323709209283905,2435.664652802098,0
1523,32,20.99411988937806,152.27054854928545,0
1524,45,70.77280044010837,2534.693762783593,0
1525,61,113.34359769097095,4820.626774481746,0
1526,47,19.131071770193515,1930.2704642342142,0
1527,21,27.821540971052812,209.39512268593427,0
1528,36,62.480897969760704,169.3146177329275,0
1529,19,113.05687684043002,1949.1139983351443,0
1530,20,48.19639102255881,812.7243082690223,0
1531,57,68.2596549122812,131.41020019600677,0
1532,18,19.36515020029117,3784.7248655416315,0
1533,47,30.57603610101933,2300.737199276225,0
1534,49,118.59616291067893,1456.8851882836827,1
1535,14,116.33746312578478,4501.914667337156,0
1536,15,15.51869799811301,593.9527165996202,0
1537,31,114.94023746944009,4780.255362342266,0
1538,1,82.10759347062753,1580.1240861261037,1
1539,54,106.13142092460232,4443.692306458776,0
1540,3,62.747684841555206,3020.6702392501156,0
1541,16,69.13758300082128,4136.136188311315,1
1542,57,66.32889092697661,4920.305618604164,0
1543,12,85.02074704234096,1452.7011075264475,0
1544,16,29.663381749412856,4806.260394756851,0
1545,24,18.147226936631185,1956.5672460885655,0
1546,28,47.33264386707505,1936.7768451135578,0
1547,8,88.99148008734791,1711.8297147087108,0
1548,36,36.19461247290958,2713.916922627712,1
1549,8,85.71040549911632,783.4130402447581,1
1550,58,116.8407648412634,2775.2517545096857,0
1551,60,24.85957515788893,2715.39848986387,0
1552,50,85.62322241363826,3813.080535835277,0
1553,28,61.59377302697997,4170.745060258864,1
1554,41,106.15493670963806,2210.600131307434,1
1555,64,33.600727891975524,1522.1312480171964,0
1556,27,87.72572498374727,1307.784463125716,1
1557,63,103.00210541305157,985.1998259737866,0
1558,17,114.18449304477244,302.37319726213906,0
1559,33,86.7410429704128,1722.103174491046,0
1560,29,67.20335022088486,1362.1847452719546,0
1561,13,79.87396022112745,4832.59066854404,0
1562,46,106.23502337026541,2795.178498856469,0
1563,35,74.91402339707712,1746.1760395670801,0
1564,6,18.19064126816787,2908.6309909535744,1
1565,69,112.74961302823267,708.8955562082921,0
1566,47,87.40030885831392,2228.5580897729815,0
1567,25,86.03390550661088,3136.7780922840034,0
1568,66,37.645891001760305,2452.15569148537,0
1569,10,84.18297437442901,2017.8673212618064,0
1570,56,56.35576259368664,4969.334218664995,0
1571,30,83.37946258935666,4403.369089312401,0
1572,5,26.192268182339028,3122.678701424809,0
1573,33,84.07375698331879,2853.3461454936796,0
1574,65,119.93844120591999,3108.9924919255513,0
1575,18,20.062264080358382,1018.5408574948298,0
1576,49,117.60328934323832,1984.7616501726282,0
1577,11,57.725335875901415,211.7057714611331,0
1578,26,106.42911228541222,2385.596996871831,1
1579,63,97.15047582611871,2721.977551028951,0
1580,59,74.53670740360012,1150.3324344745,0
1581,27,92.53716697138928,4820.683803120086,0
1582,49,107.24413393664153,4548.631235522152,0
1583,33,57.43473377335846,3614.8840287476905,0
1584,1,49.338481964140065,2673.9323443953326,1
1585,21,85.09730548417639,4351.796260843709,1
1586,55,99.82382390383215,666.3019339599626,1
1587,6,95.03993915154466,3955.6913244603015,0
1588,69,98.77043313015662,637.2317576247387,0
1589,5,60.73624805535796,3974.140152808786,0
1590,3,100.87259269837728,1389.7013277330145,0
1591,53,27.621950813913884,4387.296546375672,0
1592,23,72.1713552858892,4721.049837719608,0
1593,53,15.604659352302765,756.7479074845014,1
1594,37,49.08151213952838,2321.4378912509865,0
1595,17,53.478461161496774,4905.222080140985,0
1596,1,56.59813261897182,2424.786068326136,0
1597,51,88.02405670243553,4319.784399735007,0
1598,45,55.7986006333863,2949.8266378246294,0
1599,4,62.11283037536572,1886.0195909792153,0
1600,62,39.94213374180438,1439.631024296463,0
1601,65,54.19143812108071,1028.067109064145,0
1602,32,38.863310862630904,3812.5639840178205,1
1603,34,22.68557199568658,1941.9044265127939,1
1604,39,78.36210230504469,2563.7081790707443,0
1605,26,85.1623438482767,2469.242517805892,0
1606,34,80.04648633100952,2892.735960727159,1
1607,54,63.666874599060094,4329.902070938393,1
1608,3,54.87750691881913,4903.985627763395,0
1609,50,105.65003320504165,2046.8072797404775,0
1610,12,69.50358743930289,4140.181826699921,0
1611,65,65.31409715112176,3826.1710563537677,1
1612,54,17.692416909675746,2874.0418230060327,1
1613,5,50.831021900746414,4780.895010905487,0
1614,57,54.920539972514995,1014.3654599090879,1
1615,17,56.876391994174554,559.6820883934628,0
1616,47,75.9180987688699,4272.000405272779,1
1617,23,71.02826740632224,2204.1618359192353,0
1618,14,78.83003474331169,4237.139738222197,1
1619,66,95.31274246192346,4467.054672899143,0
1620,51,100.36350256518982,326.3511041910711,0
1621,38,90.40292300378191,4419.0718434855125,0
1622,64,115.32998807526815,2249.8704910165698,1
1623,38,16.91442118101797,2559.5059576860976,1
1624,50,35.55668849677234,3138.563667799653,1
1625,30,15.794101872704923,4633.017294549482,1
1626,51,82.98484498623331,110.29373073237369,0
1627,63,109.29320763974863,2392.064689564318,0
1628,52,40.565641140511424,3443.294381516345,0
1629,38,112.33862720361219,3617.694184125669,0
1630,30,21.328075980403888,3467.2741712124835,0
1631,51,113.115782814579,685.1591200994875,0
1632,5,51.920382160161616,1507.487008032831,0
1633,29,25.649186987167734,1803.196894203812,0
1634,4,66.01653471456419,4025.1194802823325,0
1635,10,41.96153961065333,1404.6179639865468,0
1636,56,44.9116547060019,1065.3642448780079,1
1637,17,47.26544631726009,4787.87837490491,0
1638,17,99.31771927242966,59.18347629064247,1
1639,69,71.61193405090172,4989.136965574661,0
1640,34,47.687308411380386,3388.954174804117,0
1641,6,79.08504724764643,4144.919457753848,0
1642,53,90.19582079343533,1483.677690785773,0
1643,66,43.62552007702105,86.36165917029399,0
1644,43,58.42265566016191,3693.2795500292273,0
1645,23,27.79803980037949,4173.2108160483685,0
1646,55,34.020681701141434,3706.273517788293,0
1647,16,86.51737466632319,727.1086821946805,0
1648,8,34.05102650804083,3770.838192450991,0
1649,4,70.14215528504133,3848.08006880659,0
1650,4,89.44985748085543,3297.8244706152236,0
1651,56,26.222076924948105,3834.0879249859972,1
1652,25,74.56778306103487,4231.918376793495,0
1653,67,41.939092288643195,3073.81650947373,0
1654,67,116.10732189994587,456.6944991388501,1
1655,27,65.7722929055921,2445.824631191046,0
1656,32,99.6292177263916,402.0819333379512,0
1657,50,72.7737869264075,2046.6020096966677,0
1658,61,19.55831594975601,2044.4258482912537,0
1659,51,81.48089443737234,344.0590730391043,0
1660,19,114.89735093169898,1753.8703618378545,1
1661,21,78.16924111536477,568.3255224747045,0
1662,5,101.01483023981297,4044.0525218959724,0
1663,42,107.84167865158282,4739.224809432887,0
1664,61,38.94837605463791,375.497629160824,0
1665,22,37.2647081903638,4776.249308349132,0
1666,21,79.15300382935413,2620.044347693675,0
1667,70,58.157989329703994,1508.3349046000615,0
1668,1,103.18543680100564,398.1574452516751,0
1669,5,109.50242795679117,2510.611976331033,0
1670,12,52.1092448267854,3975.6599892863824,0
1671,46,39.871408692320614,3539.8260891744903,1
1672,34,96.95517910060549,265.3766671479092,0
1673,49,43.85463373255429,378.415649308999,0
1674,45,101.37450344393623,2023.3233139236959,0
1675,27,59.4925166331201,1487.0231128289972,0
1676,26,85.09273942560439,1173.4358504343984,0
1677,47,25.03120795264016,1415.8074270599373,0
1678,56,80.50522909104016,4020.36147533497,0
1679,63,62.43560626740906,4647.201847354791,1
1680,48,76.59388863342478,2034.4369322199186,0
1681,61,32.64149181321066,4531.963345630498,0
1682,26,92.37174321913912,1617.6560707206916,1
1683,36,105.593693142039,2390.038376923801,1
1684,1,37.757679009531444,1141.7545541127586,1
1685,8,25.050028329616982,3207.7730702465824,0
1686,52,17.48205153486532,4895.220859146422,0
1687,47,82.40700754654293,3023.4130837762427,0
1688,56,78.74487378932199,1798.7032093060411,0
1689,14,72.40322833497734,3244.369968262784,0
1690,28,39.354445092177414,627.759582149957,0
1691,2,56.04512957007904,4444.965515123012,1
1692,26,77.42001519454817,2522.8734946374843,0
1693,14,67.16052018021279,2255.0084640676155,1
1694,59,118.71747962256316,2935.5359704407933,0
1695,56,29.326174018456978,3129.5475560051714,0
1696,7,87.99017817499735,372.80239403916744,0
1697,3,57.45347065095067,3417.846847798661,0
1698,23,59.96095956718955,1221.029426372915,0
1699,18,90.3477653941085,3574.05387304535,0
1700,38,87.7057958890588,4115.335950005221,1
1701,15,119.08187933872978,4022.733160149314,0
1702,64,28.48140039268315,2769.2173225283273,0
1703,28,25.931513185337465,2608.0469131690948,0
1704,39,91.05557579851782,727.2366672769674,0
1705,57,75.73062628567295,3880.100559759631,0
1706,17,43.786869988779614,1367.975761526871,0
1707,44,23.339033743843594,2491.0266827474634,0
1708,25,23.994116207625204,1432.1063532436708,0
1709,17,108.89004183973242,682.1343895534703,0
1710,13,35.14606909546801,3153.345119005307,0
1711,25,48.95401402212968,285.8451935921756,0
1712,68,38.79892223383374,3746.9964921191067,0
1713,10,52.27461211235342,1598.1701743766666,0
1714,67,22.289503488339804,15.671444627359321,0
1715,18,69.5012780453684,2562.9787590975907,0
1716,34,22.099319177182565,248.55676401010157,1
1717,8,99.03743332134796,1391.7052457371838,0
1718,40,39.539768600595465,3539.2777899667453,1
1719,42,71.70125103347361,327.5077637850013,1
1720,41,107.40830419395311,4199.102384394671,0
1721,6,83.34212374995539,34.042314453036795,0
1722,52,70.96056758789021,1245.4169879714827,0
1723,26,49.05504407711444,3708.4067199180763,0
1724,64,49.96520087111078,1591.6066964005943,0
1725,59,85.29613029580996,522.9335545090775,0
1726,56,119.38463292822259,1810.766085220133,0
1727,59,84.49311493418476,1362.9105326268598,1
1728,70,73.56725882385261,4215.918832270367,0
1729,33,91.71830357512084,1577.0393691619386,0
1730,53,63.84658928979041,3947.828371803396,0
1731,22,21.314945973082448,4460.982641881513,0
1732,21,74.04116566718054,2177.5798365889996,0
1733,70,115.55065487306491,4551.066572114144,1
1734,70,33.40680894755426,1895.9304990065164,0
1735,4,87.45051353616991,4820.930906203189,0
1736,62,36.09803730920093,460.10827975998103,0
1737,62,71.26190686967354,3439.791043518665,1
1738,24,25.15102721290556,2476.6629916777893,0
1739,55,62.288948307109436,1947.4292951964005,0
1740,9,94.39714953400083,3169.0687155617757,0
1741,3,51.49501004509312,3523.727601797141,0
1742,31,84.8157310711579,36.750899206790805,0
1743,40,98.52224588292157,847.2611474047856,0
1744,36,112.35367104534252,3569.5345624120787,0
1745,24,39.63741859482262,3336.9312866873593,0
1746,6,56.92817115997735,4830.746813066456,1
1747,66,31.003681399693832,3808.773384400153,0
1748,4,119.2107677266294,4754.60194804072,0
1749,6,112.335101632051,3517.1644001510126,0
1750,51,71.69549867945875,1500.790260067624,0
1751,62,103.41349590952423,540.2441374205196,1
1752,57,69.70058761356444,3912.391958774504,0
1753,66,80.47649724028977,3226.083869057441,0
1754,8,24.358065372181745,255.2072717805817,0
1755,26,94.30339415216483,1809.851572516377,0
1756,51,28.409915781699656,4784.647080189166,0
1757,45,101.73710117651548,2509.499711365353,0
1758,44,97.11294920539052,2172.1547430582277,0
1759,5,89.41819326301253,2296.6325317190804,1
1760,70,18.796839955100022,1056.2803791657411,0
1761,26,46.828477374259506,1853.0052467610042,0
1762,68,42.626819840638504,1858.5190810960755,1
1763,19,52.81432278450951,275.9897756345499,0
1764,20,24.202488410203046,3841.3246281618226,0
1765,12,113.3805714182616,2091.274593040837,0
1766,47,73.14923527479951,4113.56673577987,0
1767,1,47.08005261909247,4253.984785582678,0
1768,14,56.68305929279976,1071.7903626728105,0
1769,64,61.956266753007746,3291.907108618091,1
1770,38,78.0624050028648,2369.324793752464,0
1771,37,69.14633990813226,4402.581338538603,0
1772,11,111.53615718751382,1090.4672856946238,0
1773,3,67.18116570511218,3393.8988035455704,0
1774,33,119.17659155644783,3044.644329429822,0
1775,6,104.39962056323505,1487.0778656955865,0
1776,50,36.89360400752026,695.9555047010955,1
1777,10,112.71249753761121,3263.4242059792236,0
1778,5,27.21847177797499,3696.9083287896683,0
1779,23,100.83221939157512,1588.4023086602997,0
1780,10,54.96544581504091,3229.4905310512345,0
1781,44,107.1873036467323,1984.7275744433439,0
1782,2,106.14595246128229,3570.3363131638494,0
1783,13,99.62216701235022,1008.0881453468547,0
1784,40,97.95319581224145,4452.721788141329,0
1785,2,46.99130960529428,1447.736838380915,0
1786,65,23.49652472038148,1848.4131489644221,0
1787,63,57.31291877034195,304.58838112054366,0
1788,17,33.22007407358341,570.8883784215628,1
1789,9,87.96986433475848,2586.571585020956,0
1790,15,51.34047128646748,1348.9494934889378,0
1791,24,117.43907109029107,4179.868925324839,0
1792,38,82.30206812125986,88.24654244494491,0
1793,35,101.3604591816079,1904.7838326296019,0
1794,49,28.915090637894085,1696.667550643927,0
1795,69,105.51152063862537,111.34824012424116,0
1796,62,111.88950500390641,634.9764690175434,1
1797,60,66.14150147598826,2077.0087344693966,0
1798,50,78.65655846385263,2471.9299534705215,0
1799,9,95.30502909481451,2030.3843900655224,0
1800,34,33.35805586234332,2661.7243268842876,1
1801,35,67.76943802866145,2981.7313994048222,0
1802,1,56.85961791609287,64.47024832226062,0
1803,40,30.36926917703616,2328.514369875717,0
1804,64,53.5911143406108,4818.043715824628,0
1805,22,22.158092485476825,2602.3759164458,0
1806,60,17.710250229696133,3392.548203282882,1
1807,64,29.19246036125639,1569.6413317156628,0
1808,11,116.12708671686326,3873.3470200915212,1
1809,14,72.70060126897678,3868.0135871524335,0
1810,60,116.41132692108809,2613.6607975558827,0
1811,30,60.41227722466386,4880.42890904688,0
1812,35,47.740693973952254,640.8678205918271,0
1813,37,68.14489559822563,99.48410947456125,1
1814,5,61.14872730645556,3854.2386856091234,1
1815,26,26.09479184748311,4038.6703537639396,1
1816,62,82.28676304247165,614.2330371660726,0
1817,4,37.68400916350796,1338.9304222986514,0
1818,42,80.0567352642721,102.49853138264511,0
1819,18,83.2711147018061,1477.143424741115,1
1820,40,30.96260957850805,3869.1122414845777,0
1821,39,21.441710846620158,2597.033230647206,0
1822,14,96.97996653718619,1750.2565319439161,0
1823,32,63.27904449577862,1868.1203851080566,0
1824,51,21.10719852807496,21.74782419160875,1
1825,38,119.46096330282555,1509.505629912701,0
1826,23,21.066958904618495,3237.5968270650833,0
1827,63,87.97869903014808,4871.35930242454,0
1828,15,118.28628715265843,4237.598222514739,0
1829,25,40.11391094267219,132.6208987579627,0
1830,17,29.936183712155596,4494.324614304074,0
1831,66,27.745418639355034,3919.2440902936505,1
1832,53,46.84389049459753,3905.174976001337,1
1833,51,25.609810156117902,2298.1088586328037,0
1834,39,87.67694087788385,1999.0563853781966,0
1835,51,21.540638803656584,1525.0349082334653,1
1836,70,68.48932345572791,342.48887188751337,0
1837,6,119.65316965456256,1152.75328701609,0
1838,67,100.46687829813197,1244.3191203654528,0
1839,7,79.59804101425614,2428.124192505355,0
1840,51,47.15663018259423,3741.0103668845195,0
1841,42,80.50906281062204,2376.9419945637637,1
1842,64,70.33935371072343,303.3545804940956,0
1843,15,59.738755308489004,4789.5821579261965,0
1844,29,28.724589557720947,4714.480730684149,0
1845,33,108.093442600249,3929.169872594816,0
1846,27,62.227388126238864,4956.76958929764,0
1847,36,35.43536374118033,2729.244429009311,0
1848,29,53.61473184211541,4814.400226012232,0
1849,38,58.48362401553734,391.8911274745026,0
1850,57,101.8914790345218,1837.918530082936,1
1851,27,92.02950995894722,1138.5256210137277,1
1852,55,95.77701383234069,991.2279244093361,0
1853,33,16.158282765007957,716.9027002299903,0
1854,68,58.696169808874956,3117.732003206493,0
1855,66,65.54113592170899,3909.8894509003158,0
1856,10,17.01518906642095,2897.8175211104976,0
1857,5,42.280386918228594,747.6091072972253,0
1858,38,94.83043142782418,4058.4519931183527,0
1859,13,29.3965191015449,3185.2342152111864,1
1860,31,71.20756380252212,1950.0060450430726,1
1861,47,37.59619656180994,3375.539523247274,1
1862,52,16.272681337608795,1310.6263215255217,0
1863,56,40.326153047951856,1735.7831593436395,0
1864,15,117.46674426555565,4588.666928012971,0
1865,29,99.16139674771391,1463.1649607720306,0
1866,8,115.7555476537085,2357.891516767314,0
1867,5,66.22467461226805,4452.353569919133,0
1868,29,26.522300861137868,3542.990931083624,0
1869,47,72.53574634223776,325.08308243104324,1
1870,68,62.70962012879589,749.3056757306672,0
1871,45,103.65749368765968,54.09032999800534,0
1872,2,25.298670982345683,3160.1451242923795,0
1873,27,66.26531938728671,2246.6520256709355,0
1874,36,30.755109792868346,684.3601317478435,0
1875,36,49.0909723234563,4790.301593468001,0
1876,26,92.42249312571896,2655.353723868915,0
1877,43,64.98190358372048,1220.8380711527525,0
1878,27,54.46826994030578,2510.5088022062173,0
1879,69,56.420009249853706,3402.9073586845125,0
1880,20,63.2419106826286,395.0525015982189,0
1881,11,97.42673710289097,1384.3985180137415,1
1882,38,108.66889233872462,4037.722972056708,0
1883,6,115.31014208291246,2306.429378957266,0
1884,23,97.62485555680598,2739.6870530309902,0
1885,47,48.11772405354134,2172.587771014204,1
1886,46,87.25414413908693,233.84121407538052,1
1887,12,60.94832802581615,841.2626524034773,0
1888,13,41.740415314835374,2236.0250691283263,0
1889,62,103.29151583972187,1057.7895450585202,1
1890,60,19.034766641044126,264.1454578684985,0
1891,43,109.68500917421947,4220.593575298341,0
1892,68,63.455133785597084,4906.244757883117,0
1893,5,81.90615506486945,3968.817226873746,1
1894,37,84.23216183160719,4271.117834697765,1
1895,31,108.98736277418632,1221.2559946304712,0
1896,9,81.85031662755677,4803.725472933301,0
1897,51,79.46302639980648,996.6746367003406,0
1898,29,21.998464258872445,4757.877604653734,0
1899,40,69.43284230424644,4974.174180420266,1
1900,41,30.76774508578937,3562.938186644053,0
1901,11,92.43054571575598,4906.0015029822325,0
1902,23,68.78330168533083,2854.1558011420116,0
1903,1,86.4239168168771,1308.8157891328103,0
1904,46,19.375654563250347,2193.42449004312,0
1905,21,23.90316168480934,2973.901262863248,0
1906,36,90.21395574658163,379.3115867046697,0
1907,54,22.568855279860703,3117.3811741169716,0
1908,57,22.48195641535215,4906.1715162600385,0
1909,1,16.271389899663184,962.6866341718822,0
1910,63,115.43264682144542,3966.086654697591,0
1911,54,92.43837774319573,4540.875486991403,1
1912,55,52.091397892716735,4719.3524402088005,1
1913,40,46.136236035203794,4801.275987961154,1
1914,15,51.718839123314204,2614.4762990265376,0
1915,21,96.3386207740241,4886.879921337646,1
1916,47,84.44391416239351,3790.1913825651777,0
1917,53,34.44553462608413,820.932109641255,0
1918,9,33.281480210078854,2392.34703074283,0
1919,52,25.33154321990672,3595.88090922944,0
1920,57,84.3317855686405,1247.9914743581305,0
1921,26,95.25912953328228,3208.4666899912036,0
1922,41,42.829874974125424,3338.003388047397,0
1923,35,17.199220908245845,826.058222885701,0
1924,63,23.628025085024873,2831.95028257699,0
1925,25,116.6253036587282,3861.5601512283592,0
1926,38,46.021701635129126,2501.9948877116703,0
1927,2,95.76843052300403,75.33403712889552,1
1928,7,80.58967472969769,60.056768360271505,1
1929,34,55.10366216355407,1794.7912796905107,0
1930,17,36.59716253053328,4632.077431132433,0
1931,43,27.745573906737675,1154.9537463239897,0
1932,59,79.57636164408099,3177.3029890253606,1
1933,51,96.33654696696775,1122.048215406203,0
1934,54,82.60994662181872,1618.5248984528498,0
1935,24,70.68172399116162,4242.4898166633975,0
1936,25,19.404878460321807,3648.3742897156853,0
1937,71,116.69132164741029,490.565397406355,0
1938,52,98.86499012373034,2152.0795746173717,1
1939,70,45.74631385360129,160.41127177164338,0
1940,33,117.89688458267932,2412.237380816,0
1941,49,78.19756691181382,3317.2335483298243,1
1942,29,76.15437911176087,605.7355786367855,1
1943,63,93.54768384010087,1455.0914204621909,0
1944,22,100.23582774946445,1998.2155781282522,0
1945,26,83.93025376980778,4598.862157910408,0
1946,28,28.450053368451,4966.376251883476,1
1947,49,50.51808812942233,238.88282549314505,0
1948,71,112.44878223423522,3808.624498624529,1
1949,49,38.58463924360446,1868.044471015681,0
1950,20,54.077537502938895,1971.404058353958,0
1951,63,60.36807270914058,3775.0108921349083,0
1952,61,61.13752391791748,4593.355764244862,0
1953,49,79.35865616192518,4755.379043595204,0
1954,71,114.0229629631943,2891.956091401029,0
1955,1,40.27273474241302,1795.2489791130065,0
1956,13,27.757644511596396,3940.9321930060146,1
1957,51,35.73440143529342,1266.2418955625667,0
1958,56,108.1271145219733,2826.909033735086,0
1959,62,82.81013532879663,1802.5136307014927,0
1960,32,45.02021287011181,3288.305902433762,0
1961,30,100.67442859170481,1213.388580774132,0
1962,29,105.44384961816078,970.0908344881065,0
1963,49,103.88400556247919,4592.421847077054,1
1964,45,111.48728603215322,522.4913595034415,0
1965,30,41.48530711820297,2537.2001700586343,0
1966,16,94.27940251835922,1115.9511230705996,0
1967,40,63.356647213784704,209.06586717845224,0
1968,19,103.40984805345646,194.55380918276055,0
1969,18,91.49152110196938,888.4805339475494,1
1970,1,96.52698188247109,4335.850217212412,1
1971,47,83.8969929565125,1423.156538725478,0
1972,66,33.63002079431922,4753.038965317849,0
1973,38,72.22782648417852,2914.3871305511298,0
1974,51,118.39032265007336,2191.521735997299,0
1975,63,113.42574698219748,2906.7428408272312,0
1976,4,19.533242258686226,2590.741450352945,0
1977,1,32.30555565159089,3797.4996249802657,0
1978,8,28.831521212729,1423.2428888746686,0
1979,29,91.22789054845603,1774.9562021275074,0
1980,55,100.86745963497923,4472.060098128255,0
1981,3,37.41869346262055,4733.085718054771,0
1982,32,68.11453275994205,4464.402764020076,0
1983,10,103.273817941176,2105.948249877208,1
1984,34,91.94416220045632,3905.122032489305,0
1985,55,71.93490657664407,2389.5336305059773,0
1986,32,76.98650749817115,2495.2361629483194,0
1987,50,68.3778574262094,1035.3303436505605,1
1988,7,46.24258738847616,2961.7845617437047,0
1989,8,74.32730925019669,942.8874503004395,0
1990,65,87.33295671525953,1667.8500248499608,0
1991,57,106.69890616538481,4277.3255550753765,0
1992,67,81.81059216782104,1047.2729089161132,1
1993,59,94.91776138953159,369.7240515895626,0
1994,54,31.807521670230166,359.00284917488926,1
1995,67,63.46353481407794,4704.810834707993,1
1996,51,15.979820081844796,2541.9983832397456,1
1997,8,40.90128077477041,2055.9191780078363,0
1998,34,91.27848008686551,4057.229726324473,0
1999,35,119.14004489168316,4181.592250633922,0
2000,32,25.413700456657672,1670.972300081289,0
